question,answer
"What caused the Great Depression of 1929?","Let's reason through this: Step 1: The Great Depression was triggered by the stock market crash of October 1929 (Black Thursday and Black Tuesday), but the underlying causes were far more fundamental. Step 2: First, the 1920s saw excessive stock market speculation fueled by widespread use of margin (buying stocks with borrowed money, sometimes with only 10% down). When stocks fell, margin calls forced mass liquidations, amplifying the decline. Step 3: Second, banking system fragility was critical. With no federal deposit insurance, bank runs were self-fulfilling — depositors feared insolvency and rushed to withdraw cash, causing otherwise solvent banks to fail. Over 9,000 banks failed between 1930 and 1933. Step 4: Third, the Federal Reserve made catastrophic policy errors — it raised interest rates in 1931 to defend the gold standard (the U.S. was on the Gold Standard, limiting monetary policy flexibility), contracting the money supply exactly when expansion was needed (the money supply fell by 1/3 from 1929-1933). Step 5: Fourth, the Smoot-Hawley Tariff Act of 1930 raised tariffs on over 20,000 imported goods, triggering retaliatory tariffs from trading partners and collapsing international trade. Therefore, the Great Depression was the result of a perfect storm: speculative excess, banking system fragility, perverse monetary policy, fiscal austerity, and trade collapse — lessons that directly shaped modern macroeconomic policy (FDIC, Federal Reserve activism, fiscal stimulus frameworks)."
"What were the causes and consequences of the 1997 Asian financial crisis?","Let's reason through this: Step 1: The 1997 Asian financial crisis began in Thailand in July 1997 when the Thai baht collapsed after the government was forced to float it, having run out of foreign exchange reserves defending the peg to the U.S. dollar. Step 2: The root causes were: (a) Fixed exchange rate pegs that encouraged large volumes of unhedged foreign-currency borrowing by Asian corporations and banks — they borrowed cheaply in dollars and invested in local currency assets, creating a currency mismatch. (b) Rapid credit expansion and asset price bubbles, particularly in real estate. (c) Current account deficits financed by short-term foreign capital inflows that could reverse rapidly. (d) Weak financial regulation and inadequate supervision of banking systems. Step 3: Contagion spread rapidly from Thailand to Malaysia, Indonesia, South Korea, and the Philippines through several channels: investor panic (hot money flight), trade linkages, and competitive currency depreciation dynamics. Step 4: The consequences were severe: GDP contracted sharply (Indonesia -13.5% in 1998), currencies fell 40-80%, stock markets collapsed, corporate and bank defaults surged, and unemployment spiked. In Indonesia, the crisis triggered political turmoil and the fall of President Suharto. Step 5: The IMF intervened with rescue packages totaling over $100 billion, attached to strict austerity conditions (high interest rates, fiscal tightening, structural reforms), which were later criticized for deepening the economic contraction. Therefore, the Asian crisis highlighted the dangers of fixed exchange rate regimes combined with open capital accounts and currency-mismatched borrowing — a lesson enshrined in the 'impossible trinity' of international finance."
"What caused the dot-com bubble and its subsequent crash (2000-2002)?","Let's reason through this: Step 1: The dot-com bubble (1995-2000) was driven by irrational exuberance around the transformative potential of the internet, leading to extreme overvaluation of technology and internet-related companies. Step 2: Several factors inflated the bubble: (a) Genuine technological revolution — the internet was a real and transformative technology, giving credibility to bold growth projections. (b) Cheap venture capital — easy access to equity funding allowed companies with no revenue or profits to burn through cash for years. (c) Momentum investing — rising prices attracted more buyers, regardless of fundamentals. (d) Conflicts of interest — Wall Street analysts issued buy ratings on stocks their employers underwrote, inflating sentiment. (e) Y2K IT spending created artificial demand that pulled forward growth. Step 3: Valuations reached absurd levels — companies traded at hundreds of times revenue (not earnings), and some with no revenue at all had billion-dollar market caps. The NASDAQ composite rose from ~750 in 1995 to a peak of ~5,049 in March 2000. Step 4: The crash was triggered when the Federal Reserve raised interest rates sharply (1999-2000), increasing the discount rate on future cash flows and making speculative investments less attractive. Venture capital dried up, companies began running out of cash, and the narrative shifted from 'growth at any price' to 'path to profitability.' Step 5: The NASDAQ fell ~78% from peak to trough (March 2000 to October 2002), destroying $5 trillion in market value. Many prominent dot-com companies (Pets.com, Webvan, Kozmo.com) went bankrupt entirely. Therefore, the dot-com crash demonstrated the recurring pattern of technological optimism becoming speculative excess: legitimate innovation + easy money + momentum = bubble, followed by painful mean reversion when funding conditions tighten."
"What were mortgage-backed securities (MBS) and CDOs, and how did they contribute to the 2008 financial crisis?","Let's reason through this: Step 1: Mortgage-backed securities (MBS) are bonds backed by pools of residential mortgages. The cash flows from borrowers' monthly payments are passed through to MBS holders. MBS existed safely for decades when backed by high-quality, conventional mortgages. Step 2: In the 2000s, the MBS market expanded explosively to include subprime mortgages — loans made to borrowers with poor credit histories, often with teaser rates, no documentation (NINJA loans — No Income, No Job, No Assets), and high loan-to-value ratios. The assumption was that continuously rising house prices would prevent defaults. Step 3: Collateralized Debt Obligations (CDOs) took this further by pooling MBS (and other asset-backed securities) and issuing tranches with different risk levels. Rating agencies assigned AAA ratings to senior tranches, claiming diversification reduced risk — but the tranches were highly correlated because they all depended on the same housing market. Step 4: The 'originate-to-distribute' model was the fatal flaw: mortgage originators earned fees for originating loans then sold them into securitization pools, eliminating any incentive to ensure loan quality. Risk was not eliminated — it was disguised and dispersed throughout the global financial system. Step 5: When U.S. house prices peaked in 2006 and began falling, subprime defaults surged. MBS and CDO values collapsed, wiping out the balance sheets of banks, insurance companies (AIG), and money market funds globally. The interconnectedness of the global financial system turned a U.S. housing correction into a worldwide financial catastrophe. Therefore, MBS and CDOs caused the 2008 crisis by allowing massive leverage to build on a foundation of poor-quality loans, with credit ratings that systematically mispriced the true systemic correlation of the underlying risks."
"What is a credit default swap (CDS) and what role did it play in 2008?","Let's reason through this: Step 1: A credit default swap (CDS) is a financial contract in which the seller provides the buyer with insurance against the default of a specific reference entity (e.g., a corporation or government) in exchange for periodic premium payments. Step 2: If the reference entity defaults, the CDS seller compensates the buyer for the loss (typically the face value of the bond minus recovery value). CDS are essentially unregulated, over-the-counter insurance contracts on debt. Step 3: In the 2008 crisis, CDS played two critical roles. First, AIG Financial Products wrote $441 billion in CDS on CDOs backed by subprime mortgages, collecting premiums without holding adequate capital reserves — effectively insuring against a risk they did not understand and could not pay out on. When CDOs collapsed, AIG faced hundreds of billions in claims it could not cover, requiring an $85 billion government bailout. Step 4: Second, CDS created massive hidden interconnections in the financial system. Banks believed they had hedged their mortgage exposure by buying CDS from counterparties (like AIG), but this created a daisy chain of exposures — if any major counterparty failed, the hedges were worthless simultaneously. Step 5: The unregulated CDS market (estimated at $62 trillion notional in 2007) created systemic opacity — regulators had no visibility into who was exposed to whom. The Dodd-Frank Act subsequently mandated central clearing of standardized derivatives to reduce this counterparty and opacity risk. Therefore, CDS amplified the 2008 crisis by concentrating tail risk at unregulated, undercapitalized entities while creating the illusion of risk dispersion — a classic case of moral hazard enabled by regulatory gaps."
"What does 'too big to fail' mean and what are its implications?","Let's reason through this: Step 1: 'Too big to fail' (TBTF) refers to financial institutions so large, interconnected, and systemically important that their failure would cause catastrophic harm to the broader economy, creating implicit or explicit government guarantees of their survival. Step 2: The logic: a large bank failure can cause a chain reaction — counterparties lose collateral, credit markets freeze, businesses cannot fund operations, unemployment spikes. The economic damage from allowing failure exceeds the cost of a government bailout. Step 3: During 2008, this played out explicitly: Bear Stearns was rescued via JPMorgan acquisition with Federal Reserve backing, AIG was nationalized, Fannie Mae and Freddie Mac were placed in conservatorship, and Citigroup and Bank of America received massive capital injections. Lehman Brothers was allowed to fail — triggering a global financial panic that demonstrated the TBTF concern in real time. Step 4: The moral hazard problem is fundamental: TBTF status gives large financial institutions an implicit government subsidy (they can borrow more cheaply because creditors know they will be bailed out), incentivizing excessive risk-taking because downside is socialized while upside is privatized. Step 5: Post-2008 regulatory responses include: Dodd-Frank Act designating Systemically Important Financial Institutions (SIFIs) requiring higher capital, living wills (resolution plans), enhanced stress testing, and the Volcker Rule limiting proprietary trading. Basel III also increased capital requirements globally. Therefore, TBTF reflects a fundamental tension between financial stability (requiring bailouts when systemic institutions fail) and market discipline (which requires that failures be allowed to occur) — a tension that regulation continues to struggle to resolve."
"What was the European debt crisis and what caused it?","Let's reason through this: Step 1: The European sovereign debt crisis (2010-2015) was a multi-year financial crisis in which several eurozone countries — Greece, Ireland, Portugal, Spain, and Cyprus — faced unsustainable government debt levels and were unable to borrow in financial markets without external support. Step 2: The structural cause was the inherent tension in the eurozone: member countries share a single currency (eliminating exchange rate adjustment as a tool) and a single monetary policy (set by the ECB for the whole zone), but maintain independent fiscal policies. This is the 'impossible trinity' at the sovereign level. Step 3: The trigger was the revelation in late 2009 that Greece had massively understated its budget deficit (revised from 3.7% to 12.7% of GDP). This triggered a market reassessment of sovereign risk across the periphery. Bond yields for Greece, Portugal, Ireland, and Spain spiked as investors demanded higher risk premiums. Step 4: The self-reinforcing dynamic: rising yields increased debt servicing costs, worsening fiscal positions, which caused further yield increases — a classic debt spiral. Banks holding sovereign debt saw their balance sheets deteriorate simultaneously, creating a 'doom loop' between sovereign and bank distress. Step 5: The ECB's July 2012 intervention — Mario Draghi's statement that the ECB would do 'whatever it takes' to preserve the euro, followed by the Outright Monetary Transactions (OMT) program — broke the crisis by providing an implicit backstop that restored market confidence. The ESM (European Stability Mechanism) provided additional bailout capacity. Therefore, the European debt crisis revealed the structural incompleteness of monetary union without fiscal union — a fundamental design flaw that Europe is still working to address through mechanisms like the EU Recovery Fund."
"What is a bank run and why is it a self-fulfilling prophecy?","Let's reason through this: Step 1: A bank run occurs when a large number of depositors simultaneously withdraw their funds from a bank, fearing that the bank will become insolvent. Even a solvent bank can be destroyed by a bank run, making it a self-fulfilling prophecy. Step 2: The mechanism: banks operate on fractional reserve banking — they hold only a fraction of deposits as liquid reserves, lending out the remainder at longer maturities (maturity transformation). This creates inherent vulnerability — no bank can immediately repay all depositors simultaneously. Step 3: If depositors believe other depositors will withdraw, they rationally choose to withdraw first (before reserves are exhausted). This 'first come, first served' payoff structure means that even a rumor of insolvency (or the knowledge that other depositors are nervous) triggers withdrawals, regardless of the bank's true financial health. Step 4: The Diamond-Dybvig model (1983, Nobel Prize 2022) formalized this as a coordination failure with two equilibria: (1) all deposit, bank is healthy (good equilibrium), (2) all withdraw, bank fails (bad equilibrium). The economy can shift between these equilibria based purely on beliefs. Step 5: Solutions include: deposit insurance (FDIC guarantees deposits up to $250,000, eliminating the incentive to withdraw preemptively), central bank lender-of-last-resort (providing liquidity to solvent-but-illiquid banks), and capital requirements (increasing the loss buffer so insolvency is less likely). Therefore, bank runs illustrate how financial fragility is a social coordination problem — the financial system is only as stable as the confidence of its participants."
"What is contagion in financial crises and how does it spread?","Let's reason through this: Step 1: Financial contagion refers to the spread of financial distress from one institution, market, or country to others, often far exceeding what would be predicted by economic fundamentals alone. Step 2: Contagion spreads through several distinct channels: (1) Direct balance sheet linkages — if Bank A holds bonds issued by Bank B, Bank B's failure directly impairs Bank A's assets (e.g., the interbank market in 2008 froze because banks did not know their counterparties' exposures). Step 3: (2) Fire sale externalities — a distressed institution forced to sell assets depresses prices, marking down the assets of all other institutions holding similar securities, potentially triggering further forced sales in a vicious cycle. Step 4: (3) Information contagion — the failure of one institution reveals negative information about an asset class or business model, leading investors to reprice similar institutions (e.g., when Bear Stearns's mortgage funds failed in 2007, investors revised their assessment of all institutions with mortgage exposure). Step 5: (4) Confidence and liquidity contagion — rising uncertainty causes investors to flee to safety, withdrawing funding from all risky assets and institutions simultaneously, regardless of fundamentals (e.g., money market funds breaking the buck in 2008). (5) Trade and economic linkages — financial crisis in one country reduces its import demand and credit supply, directly impairing trading partners. Therefore, contagion transforms isolated institutional failures into systemic crises by exploiting the interconnections of modern financial systems — understanding contagion channels is essential for both crisis management and macroprudential regulation."
"What is systemic risk and how does it differ from individual firm risk?","Let's reason through this: Step 1: Systemic risk is the risk of collapse of an entire financial system or market, as opposed to the risk of failure of individual components. It represents the risk that the failure of one or a few institutions can trigger cascading failures throughout the system. Step 2: Individual firm risk (idiosyncratic risk) is the risk specific to a single firm — bad management, fraud, product failure. A firm failing due to idiosyncratic risk causes localized damage; its customers, employees, and creditors suffer, but the broader financial system continues to function. Step 3: Systemic risk arises from three structural features of financial systems: (1) Interconnectedness — financial institutions are linked through interbank lending, derivatives contracts, payment systems, and common asset holdings, creating channels for distress transmission. (2) Common exposures — multiple institutions simultaneously hold similar assets (e.g., MBS in 2008), so a shock to asset values impairs all of them at once. (3) Leverage and liquidity mismatch — high leverage means small asset price declines can wipe out equity; maturity mismatch means institutions need constant market access to survive. Step 4: Systemic risk cannot be diversified away at the system level — it represents the aggregate risk of the financial system itself. Step 5: Measuring systemic risk involves tools like CoVaR (Conditional Value at Risk — the VaR of the system conditional on a firm being in distress), SRISK (expected capital shortfall of a firm in a systemic crisis), and network analysis of financial interconnections. Therefore, systemic risk requires macroprudential regulation focused on the system as a whole, not just microprudential regulation of individual firms — a fundamental lesson from 2008."
"What were the key regulatory responses to the 2008 financial crisis (Dodd-Frank, Basel III)?","Let's reason through this: Step 1: The 2008 financial crisis exposed massive regulatory gaps that allowed systemic risk to build undetected. Two landmark regulatory responses emerged: Dodd-Frank in the U.S. and Basel III globally. Step 2: The Dodd-Frank Wall Street Reform and Consumer Protection Act (2010) addressed: (1) SIFI designation — banks over $50 billion in assets (later raised to $250 billion) face enhanced supervision, stress testing, and resolution planning ('living wills'), (2) Volcker Rule — prohibited banks from proprietary trading and owning hedge funds/private equity (reducing risk-taking with federally insured deposits), (3) OTC derivatives reform — mandated central clearing of standardized derivatives, reducing counterparty risk opacity, (4) Consumer Financial Protection Bureau (CFPB) — new agency to protect consumers from predatory lending. Step 3: Basel III (implemented from 2013) strengthened global banking standards: (1) Higher capital requirements — minimum Common Equity Tier 1 (CET1) ratio raised from 2% to 4.5% of risk-weighted assets, plus capital conservation buffers, (2) Leverage ratio — non-risk-weighted limit on total leverage, addressing model risk in risk-weighting, (3) Liquidity requirements — Liquidity Coverage Ratio (LCR) requires banks to hold enough high-quality liquid assets to survive a 30-day stress scenario, and Net Stable Funding Ratio (NSFR) addresses longer-term funding stability. Step 4: These reforms substantially reduced the probability of a repeat 2008-style crisis by making banks better capitalized, more transparent, and less interconnected through unregulated derivatives markets. Step 5: Critics argue: Dodd-Frank reduced credit availability and increased compliance costs for small banks; Basel III's risk-weighting models are gameable; the 'doom loop' between sovereign and bank credit was not adequately addressed. Therefore, the post-2008 regulatory reforms substantially improved financial system resilience but represent an ongoing evolution rather than a complete solution, as financial systems adapt and risks migrate to less-regulated areas."
"What role do central banks play in financial crises?","Let's reason through this: Step 1: Central banks are the lender of last resort (LOLR) for the financial system — a role defined by Walter Bagehot in 1873: 'lend freely at a penalty rate against good collateral' to solvent-but-illiquid institutions during panics. Step 2: During the 2008 crisis, the Federal Reserve dramatically expanded its LOLR role: (1) Cut the federal funds rate to near-zero (zero lower bound), (2) Created emergency lending facilities providing liquidity to banks, money market funds, commercial paper markets, and broker-dealers (entities not traditionally eligible for Fed lending), (3) Initiated quantitative easing (QE) — purchasing Treasury bonds and MBS to lower long-term interest rates and restore functioning in key markets. Step 3: The Fed also facilitated the rescue of Bear Stearns (via JPMorgan purchase with $29 billion in Fed backing) and AIG ($85 billion government rescue), acting beyond its traditional mandate to prevent systemic collapse. Step 4: The ECB in the European debt crisis ultimately stabilized the eurozone through: (1) Long-Term Refinancing Operations (LTROs) providing cheap 3-year funding to European banks, (2) Mario Draghi's July 2012 'whatever it takes' speech and subsequent OMT program (commitment to buy unlimited sovereign bonds of distressed countries), (3) Quantitative easing programs beginning in 2015. Step 5: Central bank crisis interventions are powerful but create moral hazard — if financial institutions expect to be rescued, they may take on excessive risk, knowing losses will be socialized. Therefore, central bank LOLR functions are essential for containing financial crises but must be paired with strong ex-ante regulation and pricing of systemic risk to avoid incentivizing the risk-taking that leads to crises."
"What is moral hazard in the context of financial crises and bailouts?","Let's reason through this: Step 1: Moral hazard in finance refers to the tendency of individuals or institutions to take on greater risks when they are protected from the full consequences of those risks by others (government, insurance, or guarantees). Step 2: The classic financial moral hazard arises from deposit insurance and TBTF expectations: if banks know their depositors are insured (FDIC) and they themselves may be bailed out if they become systemically important enough, they have incentives to take on more risk than they otherwise would. Step 3: The 2008 crisis exhibited multiple layers of moral hazard: (a) Mortgage originators took on poor-quality loans because they sold them to securitizers (originate-to-distribute model), (b) Rating agencies assigned generous ratings to CDOs because they were paid by the issuers, (c) AIG sold CDS without adequate capital because they had not properly modeled the tail risk, (d) Banks leveraged up because they expected TBTF rescues. Step 4: The bailouts of 2008-2009 arguably reinforced moral hazard: banks that engaged in reckless behavior were rescued, with most senior creditors and management facing limited consequences. This may have encouraged similar behavior in anticipation of future rescues. Step 5: The fundamental dilemma is that refusing to rescue systemically important institutions imposes severe costs on innocent parties (depositors, employees, borrowers), while rescuing them encourages future risk-taking. Solutions include: (a) Ex-ante regulation (capital requirements, activity restrictions) to prevent excessive risk, (b) Bail-in mechanisms (creditors and bondholders absorb losses before taxpayers), (c) Clawback provisions on executive compensation. Therefore, moral hazard is a chronic feature of financial systems with safety nets — managing it requires designing incentive structures that preserve private risk-bearing while maintaining systemic stability."
"What is the IMF's role during financial crises?","Let's reason through this: Step 1: The International Monetary Fund (IMF), created at the 1944 Bretton Woods conference, serves as the international lender of last resort and financial crisis management institution for member countries facing balance of payments crises or financial system stress. Step 2: The IMF provides emergency lending (Stand-By Arrangements, Extended Fund Facilities) to countries that cannot borrow in private markets, in exchange for economic policy reforms (conditionality) designed to restore fiscal and external sustainability. Step 3: During the Asian financial crisis, the IMF provided over $100 billion in rescue packages to Thailand, Indonesia, and South Korea. The conditions attached — fiscal austerity, high interest rates, structural reforms — were widely criticized for deepening the recessions, revealing a tension between restoring market confidence (requiring fiscal tightening) and supporting economic activity (requiring stimulus). Step 4: During the European debt crisis, the IMF participated in the 'Troika' alongside the ECB and European Commission, providing rescue packages to Greece, Portugal, Ireland, Cyprus, and Latvia. Again, the austerity conditions imposed significant economic pain, particularly in Greece, generating ongoing academic debate about optimal crisis resolution policies. Step 5: The IMF has evolved in its approach — its 2013 self-assessment of the Greece program acknowledged that the debt was not sustainable and that austerity had larger negative multiplier effects than initially projected. It now recognizes a greater role for debt restructuring and more gradual adjustment paths. Therefore, the IMF plays an indispensable global stabilization role in financial crises, but its effectiveness depends critically on correctly diagnosing whether a crisis is one of liquidity (temporary) or solvency (requiring restructuring), and calibrating conditionality accordingly."
"What are early warning indicators of financial crises?","Let's reason through this: Step 1: Financial crises often exhibit recognizable patterns in the years leading up to them, allowing for potential early warning. The challenge is distinguishing genuine warning signals from false alarms (the 'crying wolf' problem). Step 2: Key leading indicators of banking crises include: (a) Rapid credit growth — credit-to-GDP ratios rising more than 10 percentage points above trend (the BIS credit gap), (b) Asset price booms — particularly in real estate, where prices rising well above fundamental values (price-to-rent, price-to-income ratios), (c) Rising leverage — declining equity ratios at financial institutions and corporate sector. Step 3: Leading indicators of currency/balance of payments crises include: (a) Large and growing current account deficits financed by short-term capital flows, (b) Declining foreign exchange reserves (falling to below 3 months of import coverage), (c) Real exchange rate appreciation (currency becoming uncompetitively expensive), (d) Rising short-term external debt relative to reserves. Step 4: Market-based indicators include: (a) Flattening or inverting yield curve (historically predicts U.S. recessions with 1-2 year lead), (b) Widening credit spreads in corporate and sovereign bond markets, (c) Rising VIX (implied volatility), (d) CDS spreads on financial institutions rising before the crisis is publicly acknowledged. Step 5: The IMF's Vulnerability Assessment framework and the BIS countercyclical capital buffer framework both institutionalize credit-gap monitoring as a policy tool. The fundamental challenge is that 'this time is different' narratives always accompany bubbles, making policymakers reluctant to act preemptively. Therefore, early warning systems are valuable but imperfect — false positives (warnings without crisis) erode their credibility, while false negatives (missed crises) have catastrophic consequences."
"How do bank runs relate to the concept of fractional reserve banking?","Let's reason through this: Step 1: Fractional reserve banking is the system in which banks hold only a fraction of depositors' funds as reserves, lending out the remainder. This creates money through the credit multiplier and is fundamental to how banking systems work. Step 2: In a fractional reserve system, if a bank has $100 in deposits and a 10% reserve requirement, it holds $10 in reserves and lends out $90. The $90 loan becomes a deposit at another bank, which lends out $81, and so on — the money supply expands by a multiple of the initial deposit (money multiplier = 1/reserve ratio = 10x). Step 3: The inherent vulnerability: the bank has promised all $100 depositors immediate access to their funds, but only $10 is available at any moment. This is maturity transformation — borrowing short-term (demand deposits) to fund long-term loans (mortgages, business loans). Step 4: This structure is inherently fragile — if even a fraction of depositors simultaneously demand their money (bank run), the bank cannot comply without liquidating loans at fire-sale prices. The self-reinforcing nature of bank runs means they can be triggered by rumor or panic rather than actual insolvency. Step 5: Modern safeguards mitigate this fragility: (1) Deposit insurance removes the incentive to run (FDIC up to $250,000), (2) Central bank lender of last resort provides emergency liquidity to solvent banks, (3) Reserve requirements and liquidity ratios (LCR) ensure banks maintain minimum liquid buffers, (4) Capital requirements reduce insolvency risk. Therefore, fractional reserve banking is both the engine of economic growth (credit creation) and the source of inherent financial instability — the history of banking regulation is largely the history of managing this fundamental tension."
"What is the role of leverage in amplifying financial crises?","Let's reason through this: Step 1: Leverage refers to the use of borrowed funds to amplify investment returns. A bank or investor with 10x leverage controls $100 of assets with $10 of equity — a 1% decline in asset values wipes out 10% of equity, and a 10% decline in asset values means total insolvency. Step 2: Leverage amplifies both gains and losses symmetrically on the way up, but its effect on financial stability is asymmetric: excessive leverage can turn a moderate asset price decline into a solvency crisis. Step 3: In 2008, major U.S. and European investment banks operated at leverage ratios of 30:1 to 40:1 — meaning a 3% decline in asset values could trigger insolvency. When mortgage-backed securities declined by 20-40%, banks became catastrophically insolvent, requiring massive government intervention. Step 4: Leverage creates a procyclical dynamic: (1) During boom — rising asset prices increase the value of collateral, enabling more borrowing (leverage increases), further inflating asset prices, (2) During bust — falling asset prices trigger margin calls and deleveraging (forced asset sales), driving prices down further, forcing more deleveraging — the 'leverage cycle' (Adrian and Brunnermeier). Step 5: This procyclicality is a fundamental source of financial instability. Basel III's leverage ratio requirement (minimum 3% Tier 1 capital to total exposure) directly addresses this by imposing a simple, non-risk-based constraint on leverage regardless of how risk-weighted assets are measured. Therefore, leverage is the key amplifier that transforms manageable asset price declines into full-scale financial crises, making leverage monitoring and limits central to macroprudential policy."
"What is quantitative easing (QE) and how is it used in crisis management?","Let's reason through this: Step 1: Quantitative easing (QE) is an unconventional monetary policy tool used when the central bank's policy rate is at or near zero (zero lower bound) and conventional interest rate cuts are no longer possible. The central bank creates new money and uses it to purchase financial assets — primarily government bonds but also MBS and corporate bonds. Step 2: QE works through several mechanisms: (1) Portfolio rebalancing — by purchasing safe assets (Treasury bonds), the Fed drives their prices up (yields down) and pushes investors into riskier assets (stocks, corporate bonds, real estate), lowering risk premia and financing costs across the economy. (2) Wealth effect — rising asset prices increase household wealth, stimulating consumption. (3) Signaling — QE signals the central bank's commitment to maintaining easy financial conditions, reducing uncertainty. (4) Exchange rate channel — QE-driven lower rates reduce capital inflows, weakening the currency and boosting exports. Step 3: The Fed launched QE1 in November 2008 (purchasing $600 billion in MBS to support the housing market), QE2 in 2010, QE3 in 2012 (open-ended, $85 billion/month), and massive QE during COVID-19 in 2020 (purchasing $120 billion/month of Treasuries and MBS). Step 4: Evidence suggests QE successfully lowered long-term interest rates and supported asset prices, but the magnitude of real economic impact is debated — some argue most benefits flowed to asset holders (wealthier individuals), exacerbating inequality. Step 5: The exit from QE (quantitative tightening, QT) is difficult — 'taper tantrum' of 2013 showed that even announcing reduced QE purchases caused sharp market volatility. Therefore, QE is a powerful but blunt crisis-management tool whose benefits are real but unevenly distributed, and whose long-run side effects (asset price inflation, increased inequality, balance sheet risks) require careful management during normalization."
"What were the key lessons learned from the 2008 Global Financial Crisis?","Let's reason through this: Step 1: The 2008 crisis was the most severe global financial crisis since the Great Depression and generated a wealth of important lessons for regulators, investors, and policymakers. Step 2: Lesson 1 — Systemic risk is underestimated in good times: The pre-crisis period of low volatility (the 'Great Moderation') led regulators and institutions to believe the financial system was more stable than it was — a phenomenon Hyman Minsky described as 'stability breeds instability' (the Minsky Moment). Step 3: Lesson 2 — Complexity and opacity are dangerous: CDO-squared (CDOs of CDOs), synthetic CDOs, and the vast OTC derivatives market created exposures so complex that neither participants nor regulators understood the true risk concentrations and counterparty linkages. Step 4: Lesson 3 — Rating agencies had fatal conflicts of interest: The issuer-pays model incentivized ratings inflation, and the models used for structured products dramatically underestimated correlation risk. Independent verification of credit risk is essential. Step 5: Lesson 4 — Macro prudential regulation must complement micro prudential: Regulating individual firm safety in isolation misses system-level risks that arise from the interaction of individually 'safe' firms (e.g., all banks making the same bets). Lesson 5 — Liquidity risk is distinct from credit risk: Many institutions that were technically solvent could not fund themselves because liquidity markets froze — capital adequacy regulation must be complemented by liquidity regulation (LCR, NSFR). Therefore, the 2008 crisis fundamentally transformed financial regulation, central banking doctrine, and risk management practices, though the cycle of complacency and crisis suggests future crises, while different in form, remain an enduring feature of financial capitalism."
"What is crisis contagion and how did it spread globally in 2008?","Let's reason through this: Step 1: The 2008 crisis originated in the U.S. subprime mortgage market but spread globally with remarkable speed, illustrating how interconnected the modern global financial system had become. Step 2: The direct balance sheet channel: European banks had purchased large quantities of U.S. MBS and CDOs, directly importing the losses from U.S. subprime defaults. German Landesbanks, Swiss UBS, and British bank RBS were among the hardest hit European institutions from direct exposure. Step 3: The funding market channel: Global money market funds had lent to U.S. financial institutions through the commercial paper market. When Lehman Brothers failed in September 2008, the Reserve Primary Fund 'broke the buck' (fell below $1 NAV) due to Lehman CP exposure, triggering a global run on money market funds and a sudden freeze in commercial paper funding globally. Step 4: The confidence channel: Uncertainty about who held toxic assets triggered a generalized freeze in interbank lending globally — the TED spread (difference between LIBOR and T-bill rates, measuring interbank stress) spiked from 0.1% to 4.65% in October 2008, reflecting complete loss of trust between financial institutions worldwide. Step 5: The real economy channel: The financial freeze translated into a global trade collapse (-12% in 2009, the worst since WWII) as trade finance dried up, credit to businesses contracted, and consumer and business confidence collapsed simultaneously worldwide. Therefore, the global contagion of 2008 demonstrated that in a financially integrated world, a localized bubble can become a systemic crisis with breathtaking speed — the speed of financial contagion now far exceeds the ability of traditional policy frameworks to respond."
"What is a financial bubble and what stages does it go through?","Let's reason through this: Step 1: A financial bubble is a period of rapid, unsustainable escalation in the price of an asset class, driven by speculative demand rather than fundamental value, that eventually bursts in a sharp price correction. Step 2: Hyman Minsky's model describes the stages of a bubble: (1) Displacement — a genuine shock creates new profitable opportunities (e.g., the internet, new financial instruments, historically low interest rates), (2) Boom — credit expansion and rising prices attract more investors, (3) Euphoria — caution is abandoned, 'this time is different' narratives dominate, valuations reach extreme levels, (4) Profit-taking — sophisticated investors begin to exit, (5) Panic — prices begin falling, debt cannot be serviced, forced selling accelerates the decline. Step 3: Charles Kindleberger's 'Manias, Panics, and Crashes' identified the common anatomy: credit expansion funds the initial boom, speculative excesses build, a crisis is triggered by a specific event (e.g., an interest rate rise, a major default, a regulatory change), and the deflation of the bubble reveals the underlying insolvencies. Step 4: Common features of historical bubbles (tulip mania 1637, South Sea Company 1720, railroad mania 1840s, dot-com 2000, U.S. housing 2008) include: new technology or opportunity creating genuine excitement, credit availability amplifying demand beyond fundamentals, extrapolation of recent price gains into the future, and dismissal of skeptical voices. Step 5: Identifying bubbles in real time is notoriously difficult — every bubble has its 'rational' narrative, and bubbles can persist for years beyond when they appear overvalued. Therefore, bubbles are a recurring feature of market economies, driven by the interaction of credit cycles, human psychology, and genuine technological or economic transitions."
"How do fiscal policy and monetary policy interact during financial crises?","Let's reason through this: Step 1: Financial crises typically require coordinated responses from both monetary policy (central bank) and fiscal policy (government spending and taxation), as each has different tools, transmission channels, and limitations. Step 2: Monetary policy response is typically faster — central banks can cut rates and launch emergency lending facilities within days or weeks. The primary mechanisms are: (a) Reducing short-term interest rates (lower cost of borrowing for households, businesses, banks), (b) Lender-of-last-resort lending (providing liquidity to solvent institutions), (c) Quantitative easing (lowering long-term rates and easing financial conditions). Step 3: Monetary policy has limits: at the zero lower bound, conventional rate cuts are exhausted. QE's effectiveness decreases when interest rate transmission is impaired (banks are capital-constrained and unwilling to lend regardless of rate). Step 4: Fiscal policy (government borrowing and spending) takes longer to implement (legislative process) but is more targeted and powerful when monetary policy is constrained. The 2009 American Recovery and Reinvestment Act ($787 billion) and subsequent COVID-19 fiscal responses (CARES Act, $2.2 trillion) demonstrated fiscal policy's role in replacing private demand during crises. Step 5: The interaction is crucial: fiscal stimulus is more effective when monetary policy is accommodative (low rates reduce the crowding-out effect of government borrowing on private investment). Premature fiscal austerity (as in the Eurozone 2010-2013) can offset monetary stimulus, deepening recessions. Therefore, effective crisis management requires coordinating fiscal expansion with monetary accommodation — the post-2008 lesson that shaped the much larger fiscal response during the COVID-19 crisis."
"What is the 'doom loop' between sovereign debt and bank solvency?","Let's reason through this: Step 1: The sovereign-bank doom loop (also called the 'diabolic loop') describes the self-reinforcing negative spiral between deteriorating government finances and deteriorating bank health that characterized the European debt crisis. Step 2: The mechanism operates in two directions: (1) Sovereign-to-bank: Banks hold large quantities of their home government's bonds. If the sovereign's creditworthiness deteriorates (rising yields, potential default), the value of those bonds falls, directly impairing bank balance sheets. (2) Bank-to-sovereign: If banks become distressed and require government bailouts, the cost of those bailouts is added to the sovereign's debt burden, worsening the sovereign's creditworthiness. Step 3: The loop is self-reinforcing: deteriorating sovereign credit → bank losses → bank bailout costs → worse sovereign credit → further bank losses → and so on, with each iteration worsening both parties' positions. Step 4: This loop was particularly acute in the eurozone because: (a) Banks held concentrated domestic sovereign bonds (home bias), (b) Eurozone members lack monetary sovereignty (cannot print their own currency), making sovereign default possible in ways that U.S. or U.K. sovereign defaults are not, (c) No eurozone-level deposit insurance or bank resolution authority existed to break the bank-sovereign link. Step 5: Breaking the doom loop requires severing the sovereign-bank link through: (a) European Banking Union with common deposit insurance, (b) Capital requirements that penalize excessive sovereign bond concentrations, (c) Common fiscal capacity (ESM, EU Recovery Fund) that reduces sovereign default risk. Therefore, the doom loop is a structural vulnerability in the eurozone's design that continues to motivate ongoing moves toward deeper fiscal and banking integration in Europe."
"What is the difference between a liquidity crisis and a solvency crisis?","Let's reason through this: Step 1: Distinguishing liquidity crises from solvency crises is crucial for determining the appropriate policy response — the correct treatment for each is fundamentally different. Step 2: A liquidity crisis occurs when a financial institution (or country) cannot meet its immediate payment obligations due to a temporary mismatch between short-term liabilities and available liquid assets, even though it may be fundamentally solvent (assets exceed liabilities on a mark-to-market basis over a longer horizon). The classic cause is a bank run or funding market freeze. Step 3: A solvency crisis occurs when total liabilities permanently exceed total assets — the institution is truly insolvent and no amount of short-term liquidity can solve the underlying problem. The losses are real and permanent. Step 4: The correct response differs dramatically: (1) For liquidity crises — the central bank lends freely (LOLR), providing liquidity at a penalty rate against good collateral, allowing the institution to meet obligations while the underlying business remains viable. Bagehot's dictum applies. (2) For solvency crises — lending merely delays inevitable failure and adds to losses; the correct response is restructuring (writing down debts, recapitalizing with new equity, or resolution/bankruptcy). Step 5: In practice, the distinction is deeply difficult to make in real time during a crisis — a solvent institution suffering a run looks identical to an insolvent one in the short run. This ambiguity is why central banks tend to err on the side of providing liquidity during panics (the costs of missing a true solvency crisis and providing liquidity are lower than the costs of treating a liquidity crisis as insolvency and allowing unnecessary failure). Therefore, the liquidity vs. solvency distinction is one of the most consequential diagnostic questions in crisis management, with the wrong answer having catastrophic consequences in either direction."
"What is moral hazard in banking and how do deposit insurance and bailouts create it?","Let's reason through this: Step 1: Moral hazard in banking arises because safety nets (deposit insurance, government guarantees, TBTF expectations) protect creditors and depositors from losses, reducing their incentive to monitor and discipline risky behavior by banks. Step 2: Without deposit insurance: depositors would carefully monitor their bank's risk-taking, and the threat of a bank run would discipline excessive risk. With deposit insurance: insured depositors have no incentive to monitor bank risk — the government guarantees their deposits regardless of what the bank does with the money. Step 3: The moral hazard of bailouts: If bank managers and shareholders expect to be rescued when things go badly (privatize gains, socialize losses), they rationally take on more risk than they would otherwise. This is sometimes called 'gambling for resurrection' — deeply insolvent institutions take extreme risks because equity is already worthless and there is nothing to lose. Step 4: Evidence of moral hazard from TBTF: Large banks benefit from an implicit government subsidy reflected in lower borrowing costs (creditors charge less knowing they will be bailed out). Before 2008, the spread between large-bank and small-bank bond yields was lower than their relative risk profiles would justify — quantifying the TBTF subsidy at tens of billions of dollars annually. Step 5: Regulatory responses to moral hazard include: (1) Higher capital requirements (more 'skin in the game' for shareholders), (2) Bail-in regimes (losses hit bondholders before taxpayers — EU's Bank Recovery and Resolution Directive), (3) Risk-based deposit insurance premiums (riskier banks pay more), (4) Executive compensation clawbacks, (5) Resolution frameworks that allow orderly failure of even large institutions. Therefore, moral hazard is an inherent side effect of any financial safety net, and managing it requires designing systems where private actors bear enough of their own losses that risk-taking incentives remain appropriately calibrated."
"What is the role of credit rating agencies in financial crises?","Let's reason through this: Step 1: Credit rating agencies (CRAs) — primarily Moody's, Standard & Poor's, and Fitch — assess the creditworthiness of debt issuers and specific debt securities, assigning ratings from AAA (highest quality) to D (default). These ratings are used by investors, regulators, and risk models to assess credit risk. Step 2: In normal times, CRAs provide a valuable information function — they have specialized analytical capacity that individual investors lack, particularly for complex structured finance products. Step 3: In the 2008 crisis, CRAs failed catastrophically: (1) They assigned AAA ratings to senior tranches of CDOs backed by subprime mortgages, dramatically understating the credit risk. The key error was using historical correlation assumptions that were too low — when the housing market turned, all mortgages defaulted simultaneously (highly correlated), rendering the tranching assumption invalid. Step 4: (2) The fundamental conflict of interest: CRAs were paid by the very issuers whose securities they rated ('issuer-pays' model). This created pressure to assign favorable ratings to win business. Internal emails later revealed analysts knew they were rating securities they did not fully understand. (3) Regulatory entrenchment: Ratings were embedded in regulations (capital requirements, money market fund investment restrictions) as the accepted measure of credit quality — making them more powerful while reducing the incentive for independent verification. Step 5: Post-2008 reforms: Dodd-Frank required the SEC to reduce reliance on external credit ratings in regulations, required CRAs to disclose their methodologies, and created SEC oversight of CRAs. The EU required CRA rotation and greater regulatory oversight. However, structural reform of the issuer-pays model remains incomplete. Therefore, the CRA failure in 2008 illustrates how outsourcing the credit judgment function to conflicted intermediaries embedded in regulatory frameworks created a systemic vulnerability — a problem that regulation has partially but not fully addressed."
"How did the Great Depression lead to the creation of modern financial regulation?","Let's reason through this: Step 1: The Great Depression (1929-1939) exposed fundamental flaws in the pre-Depression financial system and motivated the most sweeping regulatory overhaul in U.S. history, creating the framework that governed finance for over 60 years. Step 2: Banking system failures: 9,000+ bank failures wiped out depositors' savings and destroyed the payment system. Response: The Banking Acts of 1933 and 1935 created (a) Federal Deposit Insurance Corporation (FDIC) — insuring deposits up to $5,000 (now $250,000), eliminating the incentive for bank runs, (b) Federal Reserve empowerment — strengthened as lender of last resort and banking supervisor. Step 3: Stock market excess and conflicts of interest: Securities fraud, excessive margin lending, and conflicts between commercial banking and securities underwriting had inflated the bubble. Response: (a) Securities Act of 1933 — required disclosure in public securities offerings, (b) Securities Exchange Act of 1934 — created the SEC and regulated secondary market trading, (c) Glass-Steagall Act (1933) — separated commercial banking (FDIC-insured) from investment banking (underwriting securities), lasting until its repeal by Gramm-Leach-Bliley in 1999. Step 4: Margin requirements: Excessive margin lending (sometimes 90% of stock price) amplified the crash. Response: Regulation T (1934) set minimum margin requirements, limiting the leverage available to retail investors in equity markets. Step 5: These Depression-era reforms shaped 60+ years of relatively stable banking (the 'quiet period' in banking), until financial deregulation beginning in the 1980s allowed the risk-taking that ultimately produced the 2008 crisis. Therefore, the Great Depression demonstrates how severe financial crises create the political conditions for fundamental regulatory reform — and how the memory of those reforms can fade over time, allowing the conditions for the next crisis to develop."
"What is the concept of 'animal spirits' in financial crises?","Let's reason through this: Step 1: 'Animal spirits' is a term coined by John Maynard Keynes in his 1936 General Theory to describe the instinctive, emotional drives — optimism, pessimism, confidence, and fear — that drive human decision-making in economic and financial contexts, beyond rational calculation. Step 2: Keynes argued that investment decisions cannot be made purely on the basis of mathematical expected value calculations, because the future is genuinely uncertain (not merely risky in the probabilistic sense). In the face of this uncertainty, human psychology plays a decisive role. Step 3: In financial boom periods, animal spirits manifest as: (a) Excessive optimism about future returns and the sustainability of rising asset prices, (b) Willingness to extend credit on increasingly lax terms, (c) Herding behavior — following the crowd into popular investments even without independent analysis, (d) Narrative contagion — compelling stories about 'new eras' and 'paradigm shifts' override quantitative caution. Step 4: In crisis periods, animal spirits manifest as the opposite: sudden, sharp reversals to extreme pessimism, risk aversion, and liquidity preference — investors flee to safety regardless of fundamentals, credit markets freeze, and the vicious cycle of self-reinforcing pessimism causes the crisis to deepen beyond what fundamentals alone would warrant. Step 5: The concept was extended by Robert Shiller and George Akerlof in their 2009 book 'Animal Spirits', documenting how confidence, fairness norms, money illusion, and narrative drive macroeconomic fluctuations. Therefore, animal spirits explain why financial crises involve a sudden, discontinuous shift in sentiment that defies purely rational models — financial stability depends not just on fundamentals but on the coordination of expectations, making crises inherently hard to predict and potentially self-fulfilling."
"What is the concept of a financial crisis recovery pattern?","Let's reason through this: Step 1: Financial crisis recessions differ fundamentally from normal recessions, and understanding their typical recovery patterns is essential for setting appropriate expectations and policy responses. Step 2: Carmen Reinhart and Kenneth Rogoff's research (This Time Is Different, 2009) documented that financial crisis recessions tend to be: (a) Deeper — GDP declines are larger than typical recessions, (b) Longer — recoveries take substantially longer (average 8 years to return to pre-crisis output peaks in severe cases), (c) More persistent — damage to the financial system slows credit availability for years after the crisis. Step 3: The key mechanism explaining slow recovery: during financial crises, households, businesses, and banks simultaneously need to deleverage (reduce debt). This 'balance sheet recession' (Koo) means that even near-zero interest rates cannot stimulate borrowing — agents are focused on debt repayment rather than new investment, reducing the effectiveness of conventional monetary policy. Step 4: Recovery patterns vary by crisis type: (a) Banking crises tend to produce slower recoveries than currency crises, (b) Countries with flexible exchange rates often recover faster (depreciation boosts exports), (c) Early, decisive bank recapitalization (e.g., Sweden 1992) produces faster recovery than delayed resolution (e.g., Japan's 'Lost Decade'). Step 5: Japan's experience (1990-2010) illustrates the slow-recovery pattern: real estate and stock market bubble bursting led to 'zombie banks' (technically insolvent but kept alive by regulatory forbearance) that did not lend, and 'zombie companies' that did not invest — producing 20 years of stagnation. Therefore, financial crisis recoveries are structurally different from cyclical recoveries, requiring sustained policy support for balance sheet repair and decisive early action on bank capitalization to prevent multi-decade stagnation."
"What is regulatory forbearance and why can it prolong financial crises?","Let's reason through this: Step 1: Regulatory forbearance is the practice of regulators intentionally refraining from enforcing rules that would force the recognition of losses or the resolution of insolvent financial institutions. Step 2: The rationale for forbearance: if a bank is technically insolvent but regulators believe it is temporarily so (due to a panic rather than fundamental losses), forcing resolution might cause unnecessary damage. Allowing time for asset prices to recover or for the bank to earn its way back to solvency avoids the cost of government-funded resolution. Step 3: The danger: if the bank is truly insolvent (not just temporarily distressed), forbearance allows it to continue operating while its losses deepen. An insolvent bank has incentives to 'gamble for resurrection' — taking outsized risks because equity is already worthless, with gains going to shareholders and additional losses absorbed by the deposit insurer or government. Step 4: Japan's 'Lost Decade' is the canonical case of forbearance failure: following the 1990 asset price bubble collapse, Japanese regulators allowed insolvent banks (zombie banks) to continue lending to insolvent companies (zombie firms), keeping both alive but stagnant. This prevented efficient reallocation of capital to productive uses and suppressed growth for over a decade. Step 5: The contrast with Sweden (1992): when Sweden's banking system became insolvent, the government rapidly nationalized and recapitalized banks, forced recognition of losses, and restored the banking system to health — enabling a much faster recovery within 3-4 years. Therefore, prompt corrective action (PCA) — forcing early recognition of losses and recapitalization or resolution of insolvent institutions — is superior to forbearance for minimizing the total economic damage of financial crises."
"What is the Minsky Moment and how does it relate to financial instability?","Let's reason through this: Step 1: A 'Minsky Moment' refers to the sudden collapse in asset values that follows a period of sustained speculative investment and increasing debt, as described by economist Hyman Minsky in his 'Financial Instability Hypothesis.' Step 2: Minsky's hypothesis has three stages of borrower behavior: (1) Hedge finance — borrowers can meet all debt obligations (principal and interest) from income. (2) Speculative finance — borrowers can meet interest payments from income but must roll over principal (relying on continued market access). (3) Ponzi finance — borrowers cannot meet interest payments from income — they rely entirely on asset price appreciation to refinance. Step 3: During prolonged economic stability, competitive pressure and rising confidence push borrowers progressively from hedge to speculative to Ponzi finance. Asset prices rise, collateral values increase, lending standards loosen further, and leverage builds. Step 4: The Minsky Moment is the inflection point when Ponzi borrowers can no longer refinance — perhaps because asset prices stop rising or credit tightens. Forced selling begins, prices fall, speculative borrowers become Ponzi borrowers, margin calls cascade, and the financial system rapidly deleverages. Step 5: The cruel irony (stability breeding instability): the longer the period of economic stability and rising asset prices, the more leverage builds and the more severe the eventual correction. Good times create the conditions for bad times. Therefore, the Minsky framework is one of the most insightful models for understanding why financial crises recur despite periods of apparent stability — and why macroprudential policy must actively 'lean against the wind' during booms rather than waiting for crises to emerge."
"How did the IMF's conditionality requirements in the Asian crisis contribute to controversy?","Let's reason through this: Step 1: The IMF's standard response to a balance of payments or financial crisis involves providing emergency lending conditional on the recipient country implementing specific macroeconomic reforms — this conditionality is intended to restore fiscal and external sustainability and market confidence. Step 2: In the Asian crisis, the IMF's conditions for Thailand, Indonesia, and South Korea included: (a) Fiscal tightening — reducing budget deficits through spending cuts and tax increases, (b) High interest rates — to defend currencies and attract capital back, (c) Financial sector restructuring — closing insolvent financial institutions, tightening banking supervision, (d) Structural reforms — trade liberalization, corporate governance improvements, reduced cronyism. Step 3: The controversy: critics (including Joseph Stiglitz, former World Bank Chief Economist) argued that the conditions were inappropriate for the Asian crisis: (a) The crisis was primarily a capital account crisis driven by sudden capital outflows, not a fiscal profligacy crisis (unlike Latin American crises), (b) High interest rates raised debt servicing costs and triggered deep recessions rather than stabilizing currencies, (c) Fiscal tightening deepened the recessions at exactly the wrong moment, (d) Mass closures of financial institutions (especially in Indonesia) triggered panic withdrawals from surviving institutions. Step 4: The IMF's own later assessments partially acknowledged these criticisms — the fiscal conditionality was indeed too tight initially, and the interest rate hikes were excessive. Step 5: The Asian crisis led the IMF to reform its lending facilities (the Flexible Credit Line for prequalified countries) and refine its conditionality frameworks to be more targeted and growth-sensitive. Therefore, the Asian crisis conditionality debate reflects the fundamental tension in crisis management between restoring market confidence (which may require austerity) and supporting economic recovery (which requires stimulus) — a debate still unresolved in international financial crisis management."
"What is the financial accelerator mechanism?","Let's reason through this: Step 1: The financial accelerator (Bernanke, Gertler, and Gilchrist, 1999) is a macroeconomic mechanism whereby financial frictions amplify and propagate economic shocks — small initial disturbances become large recessions because deteriorating financial conditions reduce credit availability, further depressing activity. Step 2: The mechanism works through balance sheet effects: when asset prices fall (e.g., collateral values decline), borrowers' net worth deteriorates. Since borrowing capacity depends on collateral, tighter borrowing constraints force spending reductions, further depressing asset prices and net worth — a self-reinforcing spiral. Step 3: The accelerator operates through the credit channel: (1) Balance sheet channel — firms with deteriorated net worth face higher external finance premiums (lenders charge more when borrowers' collateral declines), reducing investment, (2) Bank lending channel — if banks' own balance sheets deteriorate (losses on loans reduce capital), they cut lending even to creditworthy borrowers. Step 4: During 2008, the financial accelerator operated powerfully: falling house prices reduced household net worth and collateral, reducing consumption and mortgage refinancing. Bank losses reduced capital, forcing credit tightening across all sectors. Businesses facing credit constraints cut investment and employment, reducing income, reducing asset prices further. Step 5: The financial accelerator provides the microfoundations for why financial crises cause deeper and more persistent recessions than comparable non-financial recessions — the financial system amplifies rather than absorbs shocks. Therefore, the financial accelerator is a key mechanism explaining the severity and duration of financial crisis recessions, motivating both macroprudential policy (preventing balance sheet deterioration) and counter-cyclical fiscal/monetary policy (offsetting the amplification effect)."
